release,service,destination_type,url
The Weight of Light,Spotify,search,https://open.spotify.com/search/The%20Weight%20of%20Light%202nd%20Son%20Anzola%20Justin%20Peroff%20Aubrey%20McGhee
The Weight of Light,Apple Music,search,https://music.apple.com/ca/search?term=The%20Weight%20of%20Light%202nd%20Son%20Anzola%20Justin%20Peroff%20Aubrey%20McGhee
The Weight of Light,YouTube Music,search,https://music.youtube.com/search?q=The+Weight+of+Light+2nd+Son+Anzola+Justin+Peroff+Aubrey+McGhee
The Weight of Light,Bandcamp,exact,https://theweightoflightmusic.bandcamp.com/track/the-weight-of-light
The Weight of Light,Tidal,search,https://tidal.com/browse/search?q=The+Weight+of+Light+2nd+Son+Anzola+Justin+Peroff+Aubrey+McGhee
The Weight of Light,Amazon Music,exact,https://music.amazon.com/albums/B0H6WVK3B8
Best Life,Spotify,search,https://open.spotify.com/search/Best%20Life%202nd%20Son
Best Life,Apple Music,exact,https://music.apple.com/ca/song/1692304820
Best Life,YouTube Music,search,https://music.youtube.com/search?q=Best+Life+2nd+Son
Best Life,Bandcamp,search,https://bandcamp.com/search?q=Best+Life+2nd+Son
Best Life,Tidal,search,https://tidal.com/browse/search?q=Best+Life+2nd+Son
Best Life,Amazon Music,exact,https://music.amazon.com/albums/B0C7VQS46C
In A Heartbeat,Spotify,search,https://open.spotify.com/search/In%20A%20Heartbeat%20Selah%20Sue
In A Heartbeat,Apple Music,search,https://music.apple.com/ca/search?term=In%20A%20Heartbeat%20Selah%20Sue
In A Heartbeat,YouTube Music,search,https://music.youtube.com/search?q=In+A+Heartbeat+Selah+Sue
In A Heartbeat,Bandcamp,search,https://bandcamp.com/search?q=In+A+Heartbeat+Selah+Sue
In A Heartbeat,Tidal,search,https://tidal.com/browse/search?q=In+A+Heartbeat+Selah+Sue
In A Heartbeat,Amazon Music,search,https://music.amazon.com/search/In%20A%20Heartbeat%20Selah%20Sue
Righteous Mind,Spotify,search,https://open.spotify.com/search/Righteous%20Mind%20Selah%20Sue%20Miss%20Angel
Righteous Mind,Apple Music,exact,https://music.apple.com/ca/song/1681816634
Righteous Mind,YouTube Music,search,https://music.youtube.com/search?q=Righteous+Mind+Selah+Sue+Miss+Angel
Righteous Mind,Bandcamp,search,https://bandcamp.com/search?q=Righteous+Mind+Selah+Sue+Miss+Angel
Righteous Mind,Tidal,search,https://tidal.com/browse/search?q=Righteous+Mind+Selah+Sue+Miss+Angel
Righteous Mind,Amazon Music,search,https://music.amazon.com/search/Righteous%20Mind%20Selah%20Sue%20Miss%20Angel
Grey Matter,Spotify,search,https://open.spotify.com/search/Grey%20Matter%202nd%20Son%20C.J.%20Robertson
Grey Matter,Apple Music,exact,https://music.apple.com/ca/album/grey-matter/1581277339
Grey Matter,YouTube Music,search,https://music.youtube.com/search?q=Grey+Matter+2nd+Son+C.J.+Robertson
Grey Matter,Bandcamp,exact,https://2ndson.bandcamp.com/album/grey-matter
Grey Matter,Tidal,search,https://tidal.com/browse/search?q=Grey+Matter+2nd+Son+C.J.+Robertson
Grey Matter,Amazon Music,search,https://music.amazon.com/search/Grey%20Matter%202nd%20Son%20C.J.%20Robertson
Soul Run,Spotify,exact,https://open.spotify.com/track/3urYIBODC47Q6QW7nlfEkw
Soul Run,Apple Music,exact,https://music.apple.com/ca/album/soul-run/1112890285
Soul Run,YouTube Music,search,https://music.youtube.com/search?q=Soul+Run+Tanika+Charles
Soul Run,Bandcamp,search,https://bandcamp.com/search?q=Soul+Run+Tanika+Charles
Soul Run,Tidal,search,https://tidal.com/browse/search?q=Soul+Run+Tanika+Charles
Soul Run,Amazon Music,search,https://music.amazon.com/search/Soul%20Run%20Tanika%20Charles
Cross My Mind,Spotify,search,https://open.spotify.com/search/Cross%20My%20Mind%20a%20l%20l%20i%20e
Cross My Mind,Apple Music,exact,https://music.apple.com/ca/song/1536616377
Cross My Mind,YouTube Music,search,https://music.youtube.com/search?q=Cross+My+Mind+a+l+l+i+e
Cross My Mind,Bandcamp,search,https://bandcamp.com/search?q=Cross+My+Mind+a+l+l+i+e
Cross My Mind,Tidal,search,https://tidal.com/browse/search?q=Cross+My+Mind+a+l+l+i+e
Cross My Mind,Amazon Music,search,https://music.amazon.com/search/Cross%20My%20Mind%20a%20l%20l%20i%20e
No Forever,Spotify,search,https://open.spotify.com/search/No%20Forever%20a%20l%20l%20i%20e
No Forever,Apple Music,exact,https://music.apple.com/ca/song/1536617442
No Forever,YouTube Music,search,https://music.youtube.com/search?q=No+Forever+a+l+l+i+e
No Forever,Bandcamp,search,https://bandcamp.com/search?q=No+Forever+a+l+l+i+e
No Forever,Tidal,search,https://tidal.com/browse/search?q=No+Forever+a+l+l+i+e
No Forever,Amazon Music,search,https://music.amazon.com/search/No%20Forever%20a%20l%20l%20i%20e
Wake Me,Spotify,search,https://open.spotify.com/search/Wake%20Me%202nd%20Son%20Gillian%20Mapp
Wake Me,Apple Music,search,https://music.apple.com/ca/search?term=Wake%20Me%202nd%20Son%20Gillian%20Mapp
Wake Me,YouTube Music,search,https://music.youtube.com/search?q=Wake+Me+2nd+Son+Gillian+Mapp
Wake Me,Bandcamp,search,https://bandcamp.com/search?q=Wake+Me+2nd+Son+Gillian+Mapp
Wake Me,Tidal,search,https://tidal.com/browse/search?q=Wake+Me+2nd+Son+Gillian+Mapp
Wake Me,Amazon Music,search,https://music.amazon.com/search/Wake%20Me%202nd%20Son%20Gillian%20Mapp
Oliver Jewellery,Spotify,search,https://open.spotify.com/search/Oliver%20Jewellery%202nd%20Son%20Matthew%20Progress
Oliver Jewellery,Apple Music,search,https://music.apple.com/ca/search?term=Oliver%20Jewellery%202nd%20Son%20Matthew%20Progress
Oliver Jewellery,YouTube Music,search,https://music.youtube.com/search?q=Oliver+Jewellery+2nd+Son+Matthew+Progress
Oliver Jewellery,Bandcamp,search,https://bandcamp.com/search?q=Oliver+Jewellery+2nd+Son+Matthew+Progress
Oliver Jewellery,Tidal,search,https://tidal.com/browse/search?q=Oliver+Jewellery+2nd+Son+Matthew+Progress
Oliver Jewellery,Amazon Music,exact,https://music.amazon.com/albums/B074TXX4NZ
Right Here,Spotify,search,https://open.spotify.com/search/Right%20Here%202nd%20Son%20Gillian%20Mapp%20The%20Kount
Right Here,Apple Music,search,https://music.apple.com/ca/search?term=Right%20Here%202nd%20Son%20Gillian%20Mapp%20The%20Kount
Right Here,YouTube Music,search,https://music.youtube.com/search?q=Right+Here+2nd+Son+Gillian+Mapp+The+Kount
Right Here,Bandcamp,search,https://bandcamp.com/search?q=Right+Here+2nd+Son+Gillian+Mapp+The+Kount
Right Here,Tidal,search,https://tidal.com/browse/search?q=Right+Here+2nd+Son+Gillian+Mapp+The+Kount
Right Here,Amazon Music,exact,https://music.amazon.com/albums/B074TXX4NZ
Private Island,Spotify,search,https://open.spotify.com/search/Private%20Island%202nd%20Son%20a%20l%20l%20i%20e
Private Island,Apple Music,exact,https://music.apple.com/ca/song/1239590351
Private Island,YouTube Music,search,https://music.youtube.com/search?q=Private+Island+2nd+Son+a+l+l+i+e
Private Island,Bandcamp,search,https://bandcamp.com/search?q=Private+Island+2nd+Son+a+l+l+i+e
Private Island,Tidal,search,https://tidal.com/browse/search?q=Private+Island+2nd+Son+a+l+l+i+e
Private Island,Amazon Music,exact,https://music.amazon.com/albums/B072LV1X6J
First Light,Spotify,search,https://open.spotify.com/search/First%20Light%202nd%20Son
First Light,Apple Music,search,https://music.apple.com/ca/search?term=First%20Light%202nd%20Son
First Light,YouTube Music,search,https://music.youtube.com/search?q=First+Light+2nd+Son
First Light,Bandcamp,search,https://bandcamp.com/search?q=First+Light+2nd+Son
First Light,Tidal,search,https://tidal.com/browse/search?q=First+Light+2nd+Son
First Light,Amazon Music,exact,https://music.amazon.com/albums/B072LV1X6J
Cosmic Blue,Spotify,search,https://open.spotify.com/search/Cosmic%20Blue%202nd%20Son
Cosmic Blue,Apple Music,search,https://music.apple.com/ca/search?term=Cosmic%20Blue%202nd%20Son
Cosmic Blue,YouTube Music,search,https://music.youtube.com/search?q=Cosmic+Blue+2nd+Son
Cosmic Blue,Bandcamp,search,https://bandcamp.com/search?q=Cosmic+Blue+2nd+Son
Cosmic Blue,Tidal,search,https://tidal.com/browse/search?q=Cosmic+Blue+2nd+Son
Cosmic Blue,Amazon Music,exact,https://music.amazon.com/albums/B074TXX4NZ
Short Stories,Spotify,search,https://open.spotify.com/search/Short%20Stories%202nd%20Son
Short Stories,Apple Music,search,https://music.apple.com/ca/search?term=Short%20Stories%202nd%20Son
Short Stories,YouTube Music,search,https://music.youtube.com/search?q=Short+Stories+2nd+Son
Short Stories,Bandcamp,search,https://bandcamp.com/search?q=Short+Stories+2nd+Son
Short Stories,Tidal,search,https://tidal.com/browse/search?q=Short+Stories+2nd+Son
Short Stories,Amazon Music,exact,https://music.amazon.com/albums/B07MJLCV5G
